Pencarian,Model,Kategori,Judul,Harga,Lokasi,Harga_Int
iPhone 11 second inter,iPhone 11,Inter,JUAL HP IPHONE 11 64GB INTER SECOND FULL SET,Rp 3.200.000,Tangerang Kab.,3200000.0
iPhone 11 second inter,iPhone 11,Inter,[FOR SALE] iPhone 11 Pro Inter (64 GB) Second,Rp 4.500.000,Jakarta Selatan,4500000.0
iPhone 11 second inter,iPhone 11,Inter,JUAL CEPAT IPHONE 11 64 GB INTER ALL OPERATOR SECOND MURAH,Rp 2.850.000,Jakarta Timur,2850000.0
iPhone 11 second inter,iPhone 11,Inter,iPhone 11 Pro Max 512GB Second Inter Mulus Fullset,Rp 6.000.000,Jakarta Selatan,6000000.0
iPhone 11 second inter,iPhone 11,Inter,Second iPhone 11 64gb Inter All Operator Aktivasi lama,Rp 3.499.000,Bogor Kota,3499000.0
iPhone 11 second inter,iPhone 11,Inter,Second iPhone 11 PROMAX 256gb Inter All Operator,Rp 6.199.000,Bogor Kota,6199000.0
iPhone 11 second inter,iPhone 11,Inter,Apple iPhone 11 Pro|Ram 4Gb 256Gb Rom|INTER|Second|Bandung,Rp 5.500.000,Bandung Kota,5500000.0
iPhone 11 second inter,iPhone 11,Inter,iPhone 11 tersedia di 128GB -64GB second inter normal bekas wifi only,Rp 3.700.000,Yogyakarta Kota,3700000.0
iPhone 11 second inter,iPhone 11,Inter,Second IPHONE 11 PRO 256gb All Op INTER Welljoss,Rp 4.300.000,Surakarta Kota,4300000.0
iPhone 11 second inter,iPhone 11,Inter,PROMO !! SECOND IPHONE 11 128GB EKS INTER,Rp 4.000.000,Sumatra Selatan,4000000.0
iPhone 11 second inter,iPhone 11,Inter,iPhone 11 128gb SECOND INTER LIKE NEW,Rp 3.200.000,Surabaya Kota,3200000.0
iPhone 11 second inter,iPhone 11,Inter,IPHONE 11 PRO MAX 256GB SECOND INTER,Rp 5.050.000,Yogyakarta Kota,5050000.0
iPhone 11 second inter,iPhone 11,Inter,IPHONE 11 128 SECOND INTER WIFI ONLY FULLSET,Rp 3.800.000,Yogyakarta Kota,3800000.0
iPhone 11 second resmi ibox,iPhone 11,iBox,Iphone 11 128Gb purple second resmi ibox mulus fullset original,Rp 5.800.000,Bandung Kota,5800000.0
iPhone 11 Pro second inter,iPhone 11 Pro,Inter,[FOR SALE] iPhone 11 Pro Inter (64 GB) Second,Rp 4.500.000,Jakarta Selatan,4500000.0
iPhone 11 Pro second inter,iPhone 11 Pro,Inter,iPhone 11 Pro Max 512GB Second Inter Mulus Fullset,Rp 6.000.000,Jakarta Selatan,6000000.0
iPhone 11 Pro second inter,iPhone 11 Pro,Inter,Apple iPhone 11 Pro|Ram 4Gb 256Gb Rom|INTER|Second|Bandung,Rp 5.500.000,Bandung Kota,5500000.0
iPhone 11 Pro second inter,iPhone 11 Pro,Inter,Second IPHONE 11 PRO 256gb All Op INTER Welljoss,Rp 4.300.000,Surakarta Kota,4300000.0
iPhone 11 Pro second inter,iPhone 11 Pro,Inter,IPHONE 11 PRO MAX 256GB SECOND INTER,Rp 5.050.000,Yogyakarta Kota,5050000.0
iPhone 11 Pro Max second inter,iPhone 11 Pro Max,Inter,iPhone 11 Pro Max 512GB Second Inter Mulus Fullset,Rp 6.000.000,Jakarta Selatan,6000000.0
iPhone 11 Pro Max second inter,iPhone 11 Pro Max,Inter,IPHONE 11 PRO MAX 256GB SECOND INTER,Rp 5.050.000,Yogyakarta Kota,5050000.0
iPhone 12 second inter,iPhone 12,Inter,Second iphone 12 128GB inter,Rp 5.300.000,Jakarta Selatan,5300000.0
iPhone 12 second inter,iPhone 12,Inter,IPHONE 12 second inter wifi only WHITE 128,Rp 3.500.000,Tangerang Kota,3500000.0
iPhone 12 second inter,iPhone 12,Inter,Jual Iphone 12 hitam second inter 64gb,Rp 4.000.000,Bogor Kab.,4000000.0
iPhone 12 second inter,iPhone 12,Inter,EX INTER IPHONE 12 128GB (second bergaransi),Rp 4.300.000,Jakarta Barat,4300000.0
iPhone 12 second inter,iPhone 12,Inter,Second iPhone 12 64gb Inter All Operator,Rp 4.499.000,Bogor Kota,4499000.0
iPhone 12 second inter,iPhone 12,Inter,Hp Second Apple Iphone 12 Pro Max 128gb Blue Inter LL Mulus 99 NoMinus,Rp 6.500.000,Tangerang Kota,6500000.0
iPhone 12 second inter,iPhone 12,Inter,Second IPhone 12 Pro 256GB Pacific Blue Ex Inter All Operator Mulus,Rp 5.999.000,Jakarta Selatan,5999000.0
iPhone 12 second inter,iPhone 12,Inter,Iphone 12 pro 128gb second inter komplit mulus,Rp 6.999.000,Bekasi Kota,6999000.0
iPhone 12 second inter,iPhone 12,Inter,JUAL IPHONE 12 PRO 256 EX INTER BH 100% SECOND MULUS,Rp 5.800.000,Bogor Kota,5800000.0
iPhone 12 second inter,iPhone 12,Inter,Iphone 12 64gb second inter,Rp 3.700.000,Surakarta Kota,3700000.0
iPhone 12 second inter,iPhone 12,Inter,Second IPHONE 12 PROMAX 256gb GOLD All Op INTER Mantapp,Rp 13.700.000,Surakarta Kota,13700000.0
iPhone 12 second inter,iPhone 12,Inter,Second IPHONE 12 128gb BLACK All Op INTER Mantapp,Rp 4.100.000,Surakarta Kota,4100000.0
iPhone 12 second inter,iPhone 12,Inter,Iphone 12  128 GB second inter bisa kredit,Rp 4.500.000,Sleman Kab.,4500000.0
iPhone 12 second inter,iPhone 12,Inter,iPhone 12 64Gb second inter,Rp 5.500.000,Jember Kab.,5500000.0
iPhone 12 second inter,iPhone 12,Inter,Iphone 12 pro 128gb second inter fullset ori,Rp 4.750.000,Yogyakarta Kota,4750000.0
iPhone 12 second resmi ibox,iPhone 12,iBox,Apple iPhone 12 Pro Max 256GB ex iBox Resmi Second,Rp 4.350.000,Bekasi Kota,4350000.0
iPhone 12 second resmi ibox,iPhone 12,iBox,IPHONE 12 PRO MAX 256 GB SILVER WHITE fullset resmi IBOX SECOND,Rp 8.800.000,Surabaya Kota,8800000.0
iPhone 12 second resmi ibox,iPhone 12,iBox,Iphone 12 mini 128Gb Red second resmi iBox mulus no minus bh 100%,Rp 5.500.000,Bandung Kota,5500000.0
iPhone 12 second resmi ibox,iPhone 12,iBox,Second Apple iPhone 12 256GB Midnight HB 100% Resmi IBOX,Rp 6.500.000,Jakarta Selatan,6500000.0
iPhone 12 second resmi ibox,iPhone 12,iBox,iPhone 12 128GB iBox Blue - Second Resmi iBox - Jual BU,Rp 6.000.000,Tangerang Kab.,6000000.0
iPhone 12 second resmi ibox,iPhone 12,iBox,iPhone 12 Pro 128GB - resmi iBox second - Terima Jual beli,Rp 10.000.000,Tangerang Kota,10000000.0
iPhone 12 second resmi ibox,iPhone 12,iBox,(Ibox) iphone 12 mini 64gb resmi ibox bekas second,Rp 4.800.000,Jakarta Selatan,4800000.0
iPhone 12 Pro second inter,iPhone 12 Pro,Inter,Hp Second Apple Iphone 12 Pro Max 128gb Blue Inter LL Mulus 99 NoMinus,Rp 6.500.000,Tangerang Kota,6500000.0
iPhone 12 Pro second inter,iPhone 12 Pro,Inter,Second IPhone 12 Pro 256GB Pacific Blue Ex Inter All Operator Mulus,Rp 5.999.000,Jakarta Selatan,5999000.0
iPhone 12 Pro second inter,iPhone 12 Pro,Inter,Iphone 12 pro 128gb second inter komplit mulus,Rp 6.999.000,Bekasi Kota,6999000.0
iPhone 12 Pro second inter,iPhone 12 Pro,Inter,JUAL IPHONE 12 PRO 256 EX INTER BH 100% SECOND MULUS,Rp 5.800.000,Bogor Kota,5800000.0
iPhone 12 Pro second inter,iPhone 12 Pro,Inter,Iphone 12 pro 128gb second inter fullset ori,Rp 4.750.000,Yogyakarta Kota,4750000.0
iPhone 12 Pro second resmi ibox,iPhone 12 Pro,iBox,Apple iPhone 12 Pro Max 256GB ex iBox Resmi Second,Rp 4.350.000,Bekasi Kota,4350000.0
iPhone 12 Pro second resmi ibox,iPhone 12 Pro,iBox,IPHONE 12 PRO MAX 256 GB SILVER WHITE fullset resmi IBOX SECOND,Rp 8.800.000,Surabaya Kota,8800000.0
iPhone 12 Pro second resmi ibox,iPhone 12 Pro,iBox,iPhone 12 Pro 128GB - resmi iBox second - Terima Jual beli,Rp 10.000.000,Tangerang Kota,10000000.0
iPhone 12 Pro Max second inter,iPhone 12 Pro Max,Inter,Hp Second Apple Iphone 12 Pro Max 128gb Blue Inter LL Mulus 99 NoMinus,Rp 6.500.000,Tangerang Kota,6500000.0
iPhone 12 Pro Max second resmi ibox,iPhone 12 Pro Max,iBox,Apple iPhone 12 Pro Max 256GB ex iBox Resmi Second,Rp 4.350.000,Bekasi Kota,4350000.0
iPhone 12 Pro Max second resmi ibox,iPhone 12 Pro Max,iBox,IPHONE 12 PRO MAX 256 GB SILVER WHITE fullset resmi IBOX SECOND,Rp 8.800.000,Surabaya Kota,8800000.0
iPhone 13 second inter,iPhone 13,Inter,"iphone 13 256GB Blue Inter (second, fulset, mulus bed)",Rp 7.150.000,Bandung Kab.,7150000.0
iPhone 13 second inter,iPhone 13,Inter,Iphone 13 128gb inter second,Rp 5.300.000,Jawa Tengah,5300000.0
iPhone 13 second inter,iPhone 13,Inter,iPhone 13 256GB Red Second Inter All Operator,Rp 5.800.000,Bogor Kab.,5800000.0
iPhone 13 second inter,iPhone 13,Inter,Second IPHONE 13 128gb White All Op INTER Mantaapp,Rp 5.400.000,Surakarta Kota,5400000.0
iPhone 13 second inter,iPhone 13,Inter,Iphone 13 Pro Max 256GB Inter Second,Rp 6.500.000,Banten,6500000.0
iPhone 13 second inter,iPhone 13,Inter,Iphone 13 Second Inter 128 GB (Wifi Only),Rp 5.500.000,Banjarmasin Kota,5500000.0
iPhone 13 second inter,iPhone 13,Inter,Iphone 13 Second Ex Inter 256GB Wifi Only Blue Color,Rp 8.000.000,Medan Kota,8000000.0
iPhone 13 second inter,iPhone 13,Inter,PROMO !! SECOND IPHONE 13 128GB EKS INTER,Rp 5.400.000,Sumatra Selatan,5400000.0
iPhone 13 second inter,iPhone 13,Inter,PROMO !! SECOND IPHONE 13 128GB EKS INTER,Rp 5.600.000,Sumatra Selatan,5600000.0
iPhone 13 second inter,iPhone 13,Inter,PROMO !! SECOND IPHONE 13 PRO 128GB EKS INTER,Rp 7.300.000,Sumatra Selatan,7300000.0
iPhone 13 second inter,iPhone 13,Inter,PROMO !! SECOND IPHONE 13 PRO MAX 256GB EKS INTER,Rp 9.300.000,Sumatra Selatan,9300000.0
iPhone 13 second inter,iPhone 13,Inter,PROMO !! SECOND IPHONE 13 128GB EKS INTER,Rp 5.600.000,Sumatra Selatan,5600000.0
iPhone 13 second inter,iPhone 13,Inter,PROMO !! SECOND IPHONE 13 128GB EKS INTER,Rp 5.600.000,Sumatra Selatan,5600000.0
iPhone 13 second inter,iPhone 13,Inter,Iphone 13 Mini 128gb ex inter bea cukai second resmi,Rp 6.700.000,Jakarta Timur,6700000.0
iPhone 13 second inter,iPhone 13,Inter,IPHONE 13 128GB SECOND INTER,Rp 5.500.000,Gunung Kidul Kab.,5500000.0
iPhone 13 second inter,iPhone 13,Inter,IPHONE 13 256GB SECOND INTER,Rp 6.000.000,Gunung Kidul Kab.,6000000.0
iPhone 13 second inter,iPhone 13,Inter,IPhone 13 Mini 128gb Ex Inter Second Resmi Bea Cukai,Rp 6.800.000,Jakarta Timur,6800000.0
iPhone 13 second inter,iPhone 13,Inter,IPHONE 13 256 SECOND INTER WIFI ONLY FULLSET,Rp 6.000.000,Yogyakarta Kota,6000000.0
iPhone 13 second inter,iPhone 13,Inter,iPhone 13 second inter 128gb,Rp 6.299.000,Pekalongan Kab.,6299000.0
iPhone 13 second resmi ibox,iPhone 13,iBox,Iphone 13 128Gb second resmi/iBox,Rp 7.299.000,Bandung Kota,7299000.0
iPhone 13 second resmi ibox,iPhone 13,iBox,IPHONE 13 BLUE SECOND RESMI IBOX,Rp 6.700.000,Tangerang Kab.,6700000.0
iPhone 13 second resmi ibox,iPhone 13,iBox,Iphone 13 Pro Max 256GB SIERRA BLUE SECOND EX GARANSI RESMI IBOX,Rp 10.000.000,Jember Kab.,10000000.0
iPhone 13 second resmi ibox,iPhone 13,iBox,Iphone 13 256Gb midnight second resmi ibox bh 86% kelengkapan fullset,Rp 8.500.000,Bandung Kota,8500000.0
iPhone 13 second resmi ibox,iPhone 13,iBox,Iphone 13 Pro 256Gb silver second resmi iBox mulus no minus bh 90%,Rp 9.800.000,Bandung Kota,9800000.0
iPhone 13 second resmi ibox,iPhone 13,iBox,Second iphone 13 Pro Max IBOX Resmi 128GB Gold Kondisi 100% Original,Rp 9.700.000,Tangerang Kota,9700000.0
iPhone 13 second resmi ibox,iPhone 13,iBox,Iphone 13 Promax 256Gb Blue second resmi ibox muluss no minus fullset,Rp 10.900.000,Bandung Kota,10900000.0
iPhone 13 Pro second inter,iPhone 13 Pro,Inter,Iphone 13 Pro Max 256GB Inter Second,Rp 6.500.000,Banten,6500000.0
iPhone 13 Pro second inter,iPhone 13 Pro,Inter,PROMO !! SECOND IPHONE 13 PRO 128GB EKS INTER,Rp 7.300.000,Sumatra Selatan,7300000.0
iPhone 13 Pro second inter,iPhone 13 Pro,Inter,PROMO !! SECOND IPHONE 13 PRO MAX 256GB EKS INTER,Rp 9.300.000,Sumatra Selatan,9300000.0
iPhone 13 Pro second resmi ibox,iPhone 13 Pro,iBox,Iphone 13 Pro Max 256GB SIERRA BLUE SECOND EX GARANSI RESMI IBOX,Rp 10.000.000,Jember Kab.,10000000.0
iPhone 13 Pro second resmi ibox,iPhone 13 Pro,iBox,Iphone 13 Pro 256Gb silver second resmi iBox mulus no minus bh 90%,Rp 9.800.000,Bandung Kota,9800000.0
iPhone 13 Pro second resmi ibox,iPhone 13 Pro,iBox,Second iphone 13 Pro Max IBOX Resmi 128GB Gold Kondisi 100% Original,Rp 9.700.000,Tangerang Kota,9700000.0
iPhone 13 Pro Max second inter,iPhone 13 Pro Max,Inter,Iphone 13 Pro Max 256GB Inter Second,Rp 6.500.000,Banten,6500000.0
iPhone 13 Pro Max second inter,iPhone 13 Pro Max,Inter,PROMO !! SECOND IPHONE 13 PRO MAX 256GB EKS INTER,Rp 9.300.000,Sumatra Selatan,9300000.0
iPhone 13 Pro Max second resmi ibox,iPhone 13 Pro Max,iBox,Iphone 13 Pro Max 256GB SIERRA BLUE SECOND EX GARANSI RESMI IBOX,Rp 10.000.000,Jember Kab.,10000000.0
iPhone 13 Pro Max second resmi ibox,iPhone 13 Pro Max,iBox,Second iphone 13 Pro Max IBOX Resmi 128GB Gold Kondisi 100% Original,Rp 9.700.000,Tangerang Kota,9700000.0
iPhone 14 second inter,iPhone 14,Inter,iPhone 14 Pro 128GB SpaceBlack Second Inter,Rp 8.700.000,Bogor Kab.,8700000.0
iPhone 14 second inter,iPhone 14,Inter,Iphone 14 128gb inter second,Rp 5.300.000,Tangerang Kab.,5300000.0
iPhone 14 second inter,iPhone 14,Inter,JUAL CEPAT IPHONE 14 PLUS 128 GB INTER ALL OPERATOR SECOND MURAH,Rp 5.850.000,Jakarta Timur,5850000.0
iPhone 14 second inter,iPhone 14,Inter,PROMO !! SECOND IPHONE 14 PRO 128GB EKS INTER,Rp 9.300.000,Sumatra Selatan,9300000.0
iPhone 14 second inter,iPhone 14,Inter,Second inter iphone 14 Pro 256gb,Rp 8.499.000,Karawang Kab.,8499000.0
iPhone 14 second inter,iPhone 14,Inter,IPHONE 14 PRO MAX 128GB SECOND INTER,Rp 11.800.000,Gunung Kidul Kab.,11800000.0
iPhone 14 second inter,iPhone 14,Inter,Iphone 14 Pro 256gb second ex inter,Rp 9.500.000,Surakarta Kota,9500000.0
iPhone 14 second resmi ibox,iPhone 14,iBox,Iphone 14 pro 128Gb second resmi/iBox,Rp 11.949.000,Bandung Kota,11949000.0
iPhone 14 second resmi ibox,iPhone 14,iBox,Iphone 14 256 Second Resmi Ibox Fullset,Rp 8.299.000,Surakarta Kota,8299000.0
iPhone 14 second resmi ibox,iPhone 14,iBox,Apple iPhone 14 Pro Max 128GB Deep Purple iBox Second Resmi 15 16 17,Rp 12.000.000,Surabaya Kota,12000000.0
iPhone 14 second resmi ibox,iPhone 14,iBox,Iphone 14 promax 1TB resmi ibox second mulus komplit,Rp 19.875.000,Bekasi Kota,19875000.0
iPhone 14 second resmi ibox,iPhone 14,iBox,Iphone 14 pm 256 second resmi iBox,Rp 13.399.000,Bandung Kota,13399000.0
iPhone 14 second resmi ibox,iPhone 14,iBox,Iphone 14 Pro 256 Gb Second Resmi ibox BH95% Mulus,Rp 12.700.000,Jakarta Selatan,12700000.0
iPhone 14 second resmi ibox,iPhone 14,iBox,Iphone 14 Pro 128 Gb Second Resmi ibox Mulus,Rp 10.800.000,Jakarta Selatan,10800000.0
iPhone 14 Plus second inter,iPhone 14 Plus,Inter,JUAL CEPAT IPHONE 14 PLUS 128 GB INTER ALL OPERATOR SECOND MURAH,Rp 5.850.000,Jakarta Timur,5850000.0
iPhone 14 Pro second inter,iPhone 14 Pro,Inter,iPhone 14 Pro 128GB SpaceBlack Second Inter,Rp 8.700.000,Bogor Kab.,8700000.0
iPhone 14 Pro second inter,iPhone 14 Pro,Inter,PROMO !! SECOND IPHONE 14 PRO 128GB EKS INTER,Rp 9.300.000,Sumatra Selatan,9300000.0
iPhone 14 Pro second inter,iPhone 14 Pro,Inter,Second inter iphone 14 Pro 256gb,Rp 8.499.000,Karawang Kab.,8499000.0
iPhone 14 Pro second inter,iPhone 14 Pro,Inter,IPHONE 14 PRO MAX 128GB SECOND INTER,Rp 11.800.000,Gunung Kidul Kab.,11800000.0
iPhone 14 Pro second inter,iPhone 14 Pro,Inter,Iphone 14 Pro 256gb second ex inter,Rp 9.500.000,Surakarta Kota,9500000.0
iPhone 14 Pro second resmi ibox,iPhone 14 Pro,iBox,Iphone 14 pro 128Gb second resmi/iBox,Rp 11.949.000,Bandung Kota,11949000.0
iPhone 14 Pro second resmi ibox,iPhone 14 Pro,iBox,Apple iPhone 14 Pro Max 128GB Deep Purple iBox Second Resmi 15 16 17,Rp 12.000.000,Surabaya Kota,12000000.0
iPhone 14 Pro second resmi ibox,iPhone 14 Pro,iBox,Iphone 14 Pro 256 Gb Second Resmi ibox BH95% Mulus,Rp 12.700.000,Jakarta Selatan,12700000.0
iPhone 14 Pro second resmi ibox,iPhone 14 Pro,iBox,Iphone 14 Pro 128 Gb Second Resmi ibox Mulus,Rp 10.800.000,Jakarta Selatan,10800000.0
iPhone 14 Pro Max second inter,iPhone 14 Pro Max,Inter,IPHONE 14 PRO MAX 128GB SECOND INTER,Rp 11.800.000,Gunung Kidul Kab.,11800000.0
iPhone 14 Pro Max second resmi ibox,iPhone 14 Pro Max,iBox,Apple iPhone 14 Pro Max 128GB Deep Purple iBox Second Resmi 15 16 17,Rp 12.000.000,Surabaya Kota,12000000.0
iPhone 15 second resmi ibox,iPhone 15,iBox,Second Iphone 15 plus 128 Garansi Resmi iBox,Rp 11.200.000,Bandung Kab.,11200000.0
iPhone 15 second resmi ibox,iPhone 15,iBox,Iphone 15 Plus 128 GB Resmi Ibox second,Rp 10.599.000,Surabaya Kota,10599000.0
iPhone 15 second resmi ibox,iPhone 15,iBox,Apple iPhone 14 Pro Max 128GB Deep Purple iBox Second Resmi 15 16 17,Rp 12.000.000,Surabaya Kota,12000000.0
iPhone 15 second resmi ibox,iPhone 15,iBox,IPHONE 15 PLUS 128GB SECOND RESMI IBOX FULLSET ORIGINAL,Rp 10.750.000,Banda Aceh Kota,10750000.0
iPhone 15 second resmi ibox,iPhone 15,iBox,iPhone 15 Pro Max Natural Titanium 256 GB Resmi iBox Second,Rp 15.000.000,Jakarta Selatan,15000000.0
iPhone 15 second resmi ibox,iPhone 15,iBox,Iphone 15 Pro 128 Gb Second Resmi ibox BH90%,Rp 13.499.000,Jakarta Selatan,13499000.0
iPhone 15 Plus second resmi ibox,iPhone 15 Plus,iBox,Second Iphone 15 plus 128 Garansi Resmi iBox,Rp 11.200.000,Bandung Kab.,11200000.0
iPhone 15 Plus second resmi ibox,iPhone 15 Plus,iBox,Iphone 15 Plus 128 GB Resmi Ibox second,Rp 10.599.000,Surabaya Kota,10599000.0
iPhone 15 Plus second resmi ibox,iPhone 15 Plus,iBox,IPHONE 15 PLUS 128GB SECOND RESMI IBOX FULLSET ORIGINAL,Rp 10.750.000,Banda Aceh Kota,10750000.0
iPhone 15 Pro second resmi ibox,iPhone 15 Pro,iBox,Apple iPhone 14 Pro Max 128GB Deep Purple iBox Second Resmi 15 16 17,Rp 12.000.000,Surabaya Kota,12000000.0
iPhone 15 Pro second resmi ibox,iPhone 15 Pro,iBox,iPhone 15 Pro Max Natural Titanium 256 GB Resmi iBox Second,Rp 15.000.000,Jakarta Selatan,15000000.0
iPhone 15 Pro second resmi ibox,iPhone 15 Pro,iBox,Iphone 15 Pro 128 Gb Second Resmi ibox BH90%,Rp 13.499.000,Jakarta Selatan,13499000.0
iPhone 15 Pro Max second resmi ibox,iPhone 15 Pro Max,iBox,Apple iPhone 14 Pro Max 128GB Deep Purple iBox Second Resmi 15 16 17,Rp 12.000.000,Surabaya Kota,12000000.0
iPhone 15 Pro Max second resmi ibox,iPhone 15 Pro Max,iBox,iPhone 15 Pro Max Natural Titanium 256 GB Resmi iBox Second,Rp 15.000.000,Jakarta Selatan,15000000.0
iPhone 16 second inter,iPhone 16,Inter,Second IPhone 16 Pro Max 512GB Black Titanium Inter Beacukai,Rp 18.999.000,Jakarta Selatan,18999000.0
iPhone 16 second resmi ibox,iPhone 16,iBox,Iphone 16 128gb resmi ibox second,Rp 12.850.000,Bogor Kota,12850000.0
iPhone 16 second resmi ibox,iPhone 16,iBox,Iphone 16 Pro 128Gb Desert second resmi iBox bh 90% garansi on april,Rp 15.800.000,Bandung Kota,15800000.0
iPhone 16 second resmi ibox,iPhone 16,iBox,Iphone 16 pro 128 Gb second ibox resmi like new,Rp 16.000.000,Sleman Kab.,16000000.0
iPhone 16 second resmi ibox,iPhone 16,iBox,Apple iPhone 14 Pro Max 128GB Deep Purple iBox Second Resmi 15 16 17,Rp 12.000.000,Surabaya Kota,12000000.0
iPhone 16 second resmi ibox,iPhone 16,iBox,Iphone 16 128 Gb Second Resmi ibox Mulus BH100%,Rp 13.000.000,Jakarta Selatan,13000000.0
iPhone 16 second resmi ibox,iPhone 16,iBox,Iphone 16 pro 256gb resmi second iBox,Rp 16.999.999,Jakarta Selatan,16999999.0
iPhone 16 second resmi ibox,iPhone 16,iBox,IPHONE 16 128GB SECOND IBOX FULLSET NO MINUS GARANSI RESMI,Rp 12.799.000,Denpasar Kota,12799000.0
iPhone 16 second resmi ibox,iPhone 16,iBox,Iphone 16 128 Gb Second Resmi ibox BH100%,Rp 12.999.000,Jakarta Selatan,12999000.0
iPhone 16 Pro second inter,iPhone 16 Pro,Inter,Second IPhone 16 Pro Max 512GB Black Titanium Inter Beacukai,Rp 18.999.000,Jakarta Selatan,18999000.0
iPhone 16 Pro second resmi ibox,iPhone 16 Pro,iBox,Iphone 16 Pro 128Gb Desert second resmi iBox bh 90% garansi on april,Rp 15.800.000,Bandung Kota,15800000.0
iPhone 16 Pro second resmi ibox,iPhone 16 Pro,iBox,Iphone 16 pro 128 Gb second ibox resmi like new,Rp 16.000.000,Sleman Kab.,16000000.0
iPhone 16 Pro second resmi ibox,iPhone 16 Pro,iBox,Apple iPhone 14 Pro Max 128GB Deep Purple iBox Second Resmi 15 16 17,Rp 12.000.000,Surabaya Kota,12000000.0
iPhone 16 Pro second resmi ibox,iPhone 16 Pro,iBox,Iphone 16 pro 256gb resmi second iBox,Rp 16.999.999,Jakarta Selatan,16999999.0
iPhone 16 Pro Max second inter,iPhone 16 Pro Max,Inter,Second IPhone 16 Pro Max 512GB Black Titanium Inter Beacukai,Rp 18.999.000,Jakarta Selatan,18999000.0
iPhone 16 Pro Max second resmi ibox,iPhone 16 Pro Max,iBox,Apple iPhone 14 Pro Max 128GB Deep Purple iBox Second Resmi 15 16 17,Rp 12.000.000,Surabaya Kota,12000000.0
